18120033,PLDC,SHS
18120034,PLDC,SHS
18120035,PLDC,SHS
18120036,PLDC,SHS
18120037,PLDC,SHS
18120038,PLDC,SHS
18120039,PLDC,SHS
18120040,PLDC,SHS
18120041,PLDC,SHS
18120042,PLDC,SHS
18120043,PLDC,SHS
18120044,PLDC,SHS
18120045,PLDC,SHS
18120046,PLDC,SHS
18120047,PLDC,SHS
18120048,PLDC,SHS
18120049,PLDC,SHS
18120050,PLDC,SHS
18120051,PLDC,SHS
18120052,PLDC,SHS
18120053,PLDC,SHS
18120054,PLDC,SHS
18120055,PLDC,SHS
18120056,PLDC,SHS
18120057,PLDC,SHS
18120058,PLDC,SHS
18120059,PLDC,SHS
18120060,PLDC,SHS
18120061,PLDC,SHS
18120062,PLDC,SHS